index,Cpd,Formula,RT,Mass,CAS_ID,Source,Score,Algorithm,Source_Key,Common_names
3598,3601,C16H19N3O5S,4.749,365.1046,,FBF,91.56,FBF,bigmed,"['(2S,5R,6R)-6-[[(2R)-2-amino-2-(4-hydroxyphenyl)acetyl]amino]-3,3-dimethyl-7-oxo-4-thia-1-azabicyclo[3.2.0]heptane-2-carboxylic acid', '(6R,7R)-7-[[(2R)-2-amino-2-cyclohexa-1,4-dien-1-ylacetyl]amino]-3-methoxy-8-oxo-5-thia-1-azabicyclo[4.2.0]oct-2-ene-2-carboxylic acid', '(6R,7R)-7-[[(2R)-2-amino-2-phenylacetyl]amino]-3-methyl-8-oxo-5-thia-1-azabicyclo[4.2.0]oct-2-ene-2-carboxylic acid;hydrate', '3-[[4-(diethylamino)-2-hydroxyphenyl]diazenyl]-4-hydroxybenzenesulfonic acid', '(2S,5R,6R)-6-[[(2S)-2-amino-2-(4-hydroxyphenyl)acetyl]amino]-3,3-dimethyl-7-oxo-4-thia-1-azabicyclo[3.2.0]heptane-2-carboxylic acid']"
1635,1637,C64H117NO10,20.107,1059.8758,,FBF,91.27,FBF,bigmed,"['[4,5-dihydroxy-2-[(E)-3-hydroxy-2-[[(13Z,16Z)-2-hydroxydocosa-13,16-dienoyl]amino]hexadec-4-enoxy]-6-(hydroxymethyl)oxan-3-yl] (E)-icos-11-enoate', '[4,5-dihydroxy-2-[(E)-3-hydroxy-2-(2-hydroxytetradecanoylamino)octadec-4-enoxy]-6-(hydroxymethyl)oxan-3-yl] (14Z,17Z,20Z)-hexacosa-14,17,20-trienoate', '[4,5-dihydroxy-2-[(E)-3-hydroxy-2-[[(14Z,17Z,20Z)-2-hydroxyhexacosa-14,17,20-trienoyl]amino]hexadec-4-enoxy]-6-(hydroxymethyl)oxan-3-yl] hexadecanoate', '[4,5-dihydroxy-2-[(E)-3-hydroxy-2-[[(8Z,11Z,14Z)-2-hydroxyicosa-8,11,14-trienoyl]amino]octadec-4-enoxy]-6-(hydroxymethyl)oxan-3-yl] icosanoate', '(15Z,18Z)-N-[(8E,12E,16E)-3,4-dihydroxy-1-[3,4,5-trihydroxy-6-(hydroxymethyl)oxan-2-yl]oxyoctacosa-8,12,16-trien-2-yl]-2-hydroxytriaconta-15,18-dienamide']"
1858,1860,C31H55NO7,5.399,553.3978,,FBF,90.28,FBF,bigmed,"['(3R,5R)-7-[(1S,2S,6S,8S,8aR)-6-hydroxy-2-methyl-8-[(2S)-2-methylbutanoyl]oxy-1,2,6,7,8,8a-hexahydronaphthalen-1-yl]-3,5-dihydroxyheptanoic acid;2,4,4-trimethylpentan-2-amine', '4-[3-butanoyloxy-2-[(9Z,12Z)-heptadeca-9,12-dienoyl]oxypropoxy]-2-(trimethylazaniumyl)butanoate', '4-[2-[(9Z,12Z)-octadeca-9,12-dienoyl]oxy-3-propanoyloxypropoxy]-2-(trimethylazaniumyl)butanoate', '4-[2-[(9Z,12Z)-hexadeca-9,12-dienoyl]oxy-3-pentanoyloxypropoxy]-2-(trimethylazaniumyl)butanoate', '4-[3-acetyloxy-2-[(9Z,12Z)-nonadeca-9,12-dienoyl]oxypropoxy]-2-(trimethylazaniumyl)butanoate']"
3184,3186,C31H48NO13P,13.611,673.2838,,FBF,89.78,FBF,bigmed,[]
3632,3635,C7H11N5O,3.763,181.0965,,FBF,86.7,FBF,bigmed,"['2-amino-6-methyl-5,6,7,8-tetrahydro-3H-pteridin-4-one', '4-morpholin-4-yl-1,3,5-triazin-2-amine', ""N'-(2-amino-6-methylpyrimidin-4-yl)acetohydrazide"", '1-(4,6-diamino-1,3,5-triazin-2-yl)-2-methylpropan-1-one', '2-(4-amino-3a,7a-dihydropyrazolo[3,4-d]pyrimidin-1-yl)ethanol']"
3460,3462,C12H23N3O5S2,10.284,353.1085,,FBF,86.64,FBF,bigmed,"['(2R,5S)-2,5-diamino-3-[[(2R)-2-amino-2-carboxyethyl]disulfanyl]-7-methyl-4-oxooctanoic acid', '(2S,3R)-2-[[(2R)-2-[[(2S)-2-amino-4-methylsulfanylbutanoyl]amino]-3-sulfanylpropanoyl]amino]-3-hydroxybutanoic acid', '(2R)-2-[[(2S,3R)-2-[[(2S)-2-amino-4-methylsulfanylbutanoyl]amino]-3-hydroxybutanoyl]amino]-3-sulfanylpropanoic acid', '(2S,3R)-2-[[(2S)-2-[[(2R)-2-amino-3-sulfanylpropanoyl]amino]-4-methylsulfanylbutanoyl]amino]-3-hydroxybutanoic acid', '(2S)-2-[[(2S,3R)-2-[[(2R)-2-amino-3-sulfanylpropanoyl]amino]-3-hydroxybutanoyl]amino]-4-methylsulfanylbutanoic acid']"
1352,1354,C66H108O12S,18.885,1124.7582,,FBF,86.63,FBF,bigmed,[]
19,20,C16H18FN3O3,0.647,319.1314,,FBF,86.22,FBF,bigmed,"['1-ethyl-6-fluoro-4-oxo-7-piperazin-1-ylquinoline-3-carboxylic acid', '1-ethyl-6-fluoro-4-oxo-7-piperazin-4-ium-1-ylquinoline-3-carboxylate', '3-[2-[(2S,3S)-3-ethoxypyrrolidin-2-yl]-2-oxoethyl]-5-fluoroquinazolin-4-one', '2-(2,4-dioxo-1,3-diazaspiro[4.5]decan-3-yl)-N-(4-fluorophenyl)acetamide', '3-[[1-(3-fluorobenzoyl)piperidin-4-yl]amino]pyrrolidine-2,5-dione']"
2234,2236,C27H47O10P,4.749,562.2907,,FBF,86.09,FBF,bigmed,"['[(2R)-2-[(E)-5,8-dioxooct-6-enoyl]oxy-3-phosphonooxypropyl] hexadecanoate', '[1-[2,3-dihydroxypropoxy(hydroxy)phosphoryl]oxy-3-pentanoyloxypropan-2-yl] (7Z,10Z,13Z)-hexadeca-7,10,13-trienoate', '[1-hydroxy-3-[hydroxy-(3-hydroxy-2-propanoyloxypropoxy)phosphoryl]oxypropan-2-yl] (9Z,12Z,15Z)-octadeca-9,12,15-trienoate', '[1-[2,3-dihydroxypropoxy(hydroxy)phosphoryl]oxy-3-propanoyloxypropan-2-yl] (9Z,12Z,15Z)-octadeca-9,12,15-trienoate', '[1-hydroxy-3-[hydroxy-(3-hydroxy-2-pentanoyloxypropoxy)phosphoryl]oxypropan-2-yl] (7Z,10Z,13Z)-hexadeca-7,10,13-trienoate']"
1442,1444,C35H59NO8,19.093,621.4269,,FBF,85.5,FBF,bigmed,"['(2Z)-2-[(3R,4S,5S,8S,9S,10S,11R,13R,14S,16S)-16-acetyloxy-3,11-dihydroxy-4,8,10,14-tetramethyl-2,3,4,5,6,7,9,11,12,13,15,16-dodecahydro-1H-cyclopenta[a]phenanthren-17-ylidene]-6-methylhept-5-enoic acid;2-(2-hydroxyethylamino)ethanol', '16-ethyl-6,8,9-trihydroxy-12-(methoxymethyl)-25,27-dimethyl-2-propyl-1-oxa-4-azacyclooctacosa-12,14,26-triene-3,20,28-trione', '(2S,6S,8S,9R,12Z,14E,16R,25R,26E)-16-ethyl-6,8,9-trihydroxy-12-(methoxymethyl)-25,27-dimethyl-2-propyl-1-oxa-4-azacyclooctacosa-12,14,26-triene-3,20,28-trione', '(2S,6S,8S,9R,12Z,14Z,16R,25R,26E)-16-ethyl-6,8,9-trihydroxy-12-(methoxymethyl)-25,27-dimethyl-2-propyl-1-oxa-4-azacyclooctacosa-12,14,26-triene-3,20,28-trione', '(1S,2R,4S,8S,11S,13S,22R,23E,25Z,27S)-22-ethyl-2,4-dihydroxy-27-methoxy-11,13-dimethyl-8-propyl-9,28-dioxa-6-azabicyclo[24.2.2]triaconta-23,25-diene-7,10,18-trione']"
3590,3593,C10H6O4,0.933,190.0273,,FBF,84.73,FBF,bigmed,"['5,8-dihydroxynaphthalene-1,4-dione', '4-oxochromene-2-carboxylic acid', '2-oxochromene-3-carboxylic acid', '4-oxochromene-3-carboxylic acid', '1,2-bis(furan-2-yl)ethane-1,2-dione']"
1734,1736,C39H66O12,19.015,726.4574,,FBF,84.01,FBF,bigmed,"['(2R,3R,4R,5R,6S)-2-[[(1R,3R,5S,8S,9S,10S,13S,14S,16S,17R)-3-hydroxy-17-[(2S,3S)-3-hydroxy-6-methylhept-5-en-2-yl]-10,13-dimethyl-1-[(2R,3R,4R,5R,6S)-3,4,5-trihydroxy-6-methyloxan-2-yl]oxy-2,3,4,5,6,7,8,9,11,12,14,15,16,17-tetradecahydro-1H-cyclopenta[a]phenanthren-16-yl]oxy]-6-methyloxane-3,4,5-triol', '(2R,3R,4R,5R,6S)-2-[[(1R,3R,8S,9S,10R,13S,14S,16S,17R)-3-hydroxy-17-[(2S,3S)-3-hydroxy-6-methylheptan-2-yl]-10,13-dimethyl-1-[(2R,3R,4R,5R,6S)-3,4,5-trihydroxy-6-methyloxan-2-yl]oxy-2,3,4,7,8,9,11,12,14,15,16,17-dodecahydro-1H-cyclopenta[a]phenanthren-16-yl]oxy]-6-methyloxane-3,4,5-triol', '(2S,3R,4R,5R,6S)-2-[(2R,3R,4S,5S,6R)-3,5-dihydroxy-2-[[(3S,8S,9S,10R,13S,14S,16S,17R)-3-hydroxy-17-[(2S,3S)-3-hydroxy-6-methylheptan-2-yl]-10,13-dimethyl-2,3,4,7,8,9,11,12,14,15,16,17-dodecahydro-1H-cyclopenta[a]phenanthren-16-yl]oxy]-6-(hydroxymethyl)oxan-4-yl]oxy-6-methyloxane-3,4,5-triol', '(2S,3R,4R,5R,6S)-2-[(2R,3S,4R,5R,6R)-4,5-dihydroxy-6-[[(3S,8S,9S,10R,13S,14S,16S,17R)-16-hydroxy-17-[(2S,3S)-3-hydroxy-6-methylheptan-2-yl]-10,13-dimethyl-2,3,4,7,8,9,11,12,14,15,16,17-dodecahydro-1H-cyclopenta[a]phenanthren-3-yl]oxy]-2-(hydroxymethyl)oxan-3-yl]oxy-6-methyloxane-3,4,5-triol', '(2S,3S,4S,5S,6R)-2-[[(1R,3R,5S,8S,9S,10S,13S,14S,16S,17R)-3-hydroxy-17-[(2S,3S)-3-hydroxy-6-methylhept-5-en-2-yl]-10,13-dimethyl-1-[(2R,3R,4R,5R,6S)-3,4,5-trihydroxy-6-methyloxan-2-yl]oxy-2,3,4,5,6,7,8,9,11,12,14,15,16,17-tetradecahydro-1H-cyclopenta[a]phenanthren-16-yl]oxy]-6-methyloxane-3,4,5-triol']"
3472,3474,C12H21N3O4S,0.933,303.1238,,FBF,83.77,FBF,bigmed,"['(2R,3R,4S,5R,6S)-2-(hydroxymethyl)-6-methylsulfanyl-4-(4-propyltriazol-1-yl)oxane-3,5-diol', '2-(hydroxymethyl)-6-methylsulfanyl-4-(4-propyltriazol-1-yl)oxane-3,5-diol', '2-[1-(3-tert-butyl-1,2,4-oxadiazol-5-yl)ethylsulfonyl]-N,N-dimethylacetamide', '1-[2-(dimethylamino)-2-(furan-2-yl)ethyl]-3-(2-methylsulfonylethyl)urea', '2-morpholin-4-ylsulfonyl-2,7-diazaspiro[4.5]decan-6-one']"
3398,3400,C12H24N4O4S,0.933,320.1503,,FBF,83.77,FBF,bigmed,"['(2S)-6-amino-2-[[(2S,3R)-3-hydroxy-2-[(2-sulfanylacetyl)amino]butanoyl]amino]hexanamide', '4-acetyl-N-[3-(methanesulfonamido)propyl]-1,4-diazepane-1-carboxamide', '4-acetyl-N-[3-[methyl(methylsulfonyl)amino]propyl]piperazine-1-carboxamide', '3-N-[3-[methyl(methylsulfonyl)amino]propyl]piperidine-1,3-dicarboxamide', '(2R)-2-[[(2S)-6-amino-2-[[(2S)-2-aminopropanoyl]amino]hexanoyl]amino]-3-sulfanylpropanoic acid']"
1278,1280,C43H82O13S,19.067,838.543,,FBF,83.67,FBF,bigmed,[]
3532,3534,C4H11NO3,0.362,121.0736,,FBF,83.41,FBF,bigmed,"['2-amino-2-(hydroxymethyl)propane-1,3-diol', 'N,N,1,1,3,3-hexadeuterio-1,3-dideuteriooxy-2-[dideuterio(deuteriooxy)methyl]propan-2-amine', 'acetic acid;2-aminoethanol', '2-(2-aminooxyethoxy)ethanol', '2-[bis(hydroxymethyl)amino]ethanol']"
3140,3142,C65H108NO11P,18.989,1109.7686,,FBF,83.39,FBF,bigmed,[]
3651,3654,C16H18O5,0.933,290.1161,,FBF,83.29,FBF,bigmed,"['(9E)-13,15-dihydroxy-5-methyl-4-oxabicyclo[10.4.0]hexadeca-1(12),9,13,15-tetraene-3,11-dione', '2,3,8-trihydroxy-7-methoxy-6-methyl-4-propan-2-ylnaphthalene-1-carbaldehyde', '5-[(2-methoxy-4-propylphenoxy)methyl]furan-2-carboxylic acid', '(5S,9E)-13,15-dihydroxy-5-methyl-4-oxabicyclo[10.4.0]hexadeca-1(12),9,13,15-tetraene-3,11-dione', '5,7-dimethoxy-8-(3-methyl-2-oxobutyl)chromen-2-one']"
3031,3033,C47H77O13P,18.989,880.5098,,FBF,83.11,FBF,bigmed,"['[(2R)-1-[hydroxy-[(5R)-2,3,4,5,6-pentahydroxycyclohexyl]oxyphosphoryl]oxy-3-[(6Z,9Z,12Z,15Z)-octadeca-6,9,12,15-tetraenoyl]oxypropan-2-yl] (8Z,11Z,14Z)-icosa-8,11,14-trienoate', '[(2R)-1-[hydroxy-[(5R)-2,3,4,5,6-pentahydroxycyclohexyl]oxyphosphoryl]oxy-3-[(9Z,12Z)-octadeca-9,12-dienoyl]oxypropan-2-yl] (5Z,8Z,11Z,14Z,17Z)-icosa-5,8,11,14,17-pentaenoate', '[(2R)-3-[hydroxy-[(5R)-2,3,4,5,6-pentahydroxycyclohexyl]oxyphosphoryl]oxy-2-[(6Z,9Z,12Z)-octadeca-6,9,12-trienoyl]oxypropyl] (5Z,8Z,11Z,14Z)-icosa-5,8,11,14-tetraenoate', '[1-[hydroxy-(2,3,4,5,6-pentahydroxycyclohexyl)oxyphosphoryl]oxy-3-[(9Z,12Z,15Z)-octadeca-9,12,15-trienoyl]oxypropan-2-yl] (8Z,11Z,14Z,17Z)-icosa-8,11,14,17-tetraenoate', '[1-[(7Z,10Z,13Z)-hexadeca-7,10,13-trienoyl]oxy-3-[hydroxy-(2,3,4,5,6-pentahydroxycyclohexyl)oxyphosphoryl]oxypropan-2-yl] (10Z,13Z,16Z,19Z)-docosa-10,13,16,19-tetraenoate']"
633,635,C7H15NO,17.612,129.1145,,FBF,83.01,FBF,bigmed,"['heptanamide', '(NE)-N-heptylidenehydroxylamine', '2-piperidin-1-ylethanol', 'N,N-diethylpropanamide', '4-propan-2-ylmorpholine']"
3087,3089,C29H48NO11P,14.443,617.2966,,FBF,82.95,FBF,bigmed,"['(1R,15S,16R,21R,23S)-8-[3-[diethoxy(oxido)phosphaniumyl]propyl]-23-methoxy-18-phenyl-2,5,11,14,17,19,22-heptaoxa-8-azatricyclo[13.8.0.016,21]tricosane']"
1142,1144,C38H70O9,15.352,670.5003,,FBF,82.74,FBF,bigmed,"['[1-[(13Z,16Z)-docosa-13,16-dienoxy]-3-[3,4,5-trihydroxy-6-(hydroxymethyl)oxan-2-yl]oxypropan-2-yl] heptanoate', '[1-decoxy-3-[3,4,5-trihydroxy-6-(hydroxymethyl)oxan-2-yl]oxypropan-2-yl] (9Z,12Z)-nonadeca-9,12-dienoate', '[1-[3,4,5-trihydroxy-6-(hydroxymethyl)oxan-2-yl]oxy-3-undecoxypropan-2-yl] (9Z,12Z)-octadeca-9,12-dienoate', '[1-[(11Z,14Z)-icosa-11,14-dienoxy]-3-[3,4,5-trihydroxy-6-(hydroxymethyl)oxan-2-yl]oxypropan-2-yl] nonanoate', '[1-[(13Z,16Z)-tetracosa-13,16-dienoxy]-3-[3,4,5-trihydroxy-6-(hydroxymethyl)oxan-2-yl]oxypropan-2-yl] pentanoate']"
4441,4444,C35H53NO11,5.113,663.3617,,FBF,82.49,FBF,bigmed,"['[(1R,2S,6S,9S,10R,11S,12S,14R,15S,18S,19S,22S,23R,25R)-12,23-diacetyloxy-1,10,11,14-tetrahydroxy-6,10,19-trimethyl-24-oxa-4-azaheptacyclo[12.12.0.02,11.04,9.015,25.018,23.019,25]hexacosan-22-yl] 2-methylpropanoate', '2-oxotridec-6-en-4-yl 3-[3-[3-methoxy-4-(4-nitrophenoxy)butanoyl]oxybutanoyloxy]heptanoate', '[(3R,3aR,4S,6S,6aR,7S,8S,9bS)-6-acetyloxy-4-(3-amino-2-methylbutanoyl)oxy-3a-hydroxy-3,6,9-trimethyl-8-[(Z)-2-methylbut-2-enoyl]oxy-2-oxo-4,5,6a,7,8,9b-hexahydro-3H-azuleno[4,5-b]furan-7-yl] octanoate', '[(Z)-1,2-bis[(1S,4S,5R,8S,9R,10S,12R,13R)-1,5,9-trimethyl-11,14,15,16-tetraoxatetracyclo[10.3.1.04,13.08,13]hexadecan-10-yl]ethylideneamino] ethyl carbonate', '(E)-N-[(2S,6R)-2,6-dihydroxycyclohexyl]-3-[3-hydroxy-4-[(3S,5S)-3-hydroxy-5-[(E)-1-hydroxy-4-phenoxybut-2-en-2-yl]oxolan-2-yl]oxyphenyl]-2-methylprop-2-enamide;ethane;methanediol']"
1724,1726,C35H50O11,5.113,646.3359,,FBF,82.49,FBF,bigmed,"['[(1S,2S,4R,5S,6S,10S,11R,12R,13R,14S,15R)-13-acetyloxy-5,6,11,14-tetrahydroxy-4-(hydroxymethyl)-8,12-dimethyl-7-oxo-14-prop-1-en-2-yl-3-oxatetracyclo[9.4.0.02,4.06,10]pentadec-8-en-15-yl] (2E,4E)-trideca-2,4-dienoate', '[(1R,2S,4R,5S,6S,10R,11R,12R,13R,14R,18R)-14-acetyl-5,6-dihydroxy-4-(hydroxymethyl)-8,12-dimethyl-11-[(1E,3E)-nona-1,3-dienoxy]-7-oxo-3,15,17-trioxapentacyclo[9.7.0.02,4.06,10.014,18]octadec-8-en-13-yl] hexanoate', '[(2R,3S,4R,5R,6S)-3,4-diacetyloxy-5-hydroxy-6-[4-hydroxy-2-[(2E,6E,9E)-11-methoxy-3,7,11-trimethyldodeca-2,6,9-trienyl]-5-methylphenoxy]oxan-2-yl]methyl acetate', '[(1R,3S,5S,6aR,7R,8R,9R,10S,10aR)-1,9,10-triacetyloxy-3-butanoyloxy-7,8-dimethyl-7-(3-methylidenepent-4-enyl)-1,3,5,6,6a,8,9,10-octahydrobenzo[d][2]benzofuran-5-yl] 2-methylbutanoate', '[6-[3,5-dihydroxy-2-[3-(4-hydroxyphenyl)propanoyl]phenoxy]-3,4,5-trihydroxyoxan-2-yl]methyl tetradecanoate']"
572,574,C24H44N2O,15.95,376.3456,,FBF,82.48,FBF,bigmed,"['N,N-dibutyl-5-[4-(diethylaminomethyl)phenoxy]pentan-1-amine', '6-(hexadecylamino)-2,4,5-trimethylpyridin-3-ol', '4-octadecoxybenzene-1,3-diamine', '4-tert-butyl-2,6-bis[(hexylamino)methyl]phenol', 'N-(2,5-dimethylpyrrol-1-yl)octadecanamide']"
2249,2251,C32H53O9P,14.807,612.3411,,FBF,81.77,FBF,bigmed,"['3-[4,5-dibutoxy-6-(butoxymethyl)-2-cyclohexyloxyoxan-3-yl]oxy-1,5-dihydro-2,4,3lambda5-benzodioxaphosphepine 3-oxide', '(22-hexa-3,5-dien-2-yl-8,14,20-trihydroxy-7,13,15,17,21-pentamethyl-2-oxo-1-oxacyclodocosa-3,5,11-trien-10-yl) dihydrogen phosphate', '(22-hexa-3,5-dien-2-yl-10,14,20-trihydroxy-7,13,15,17,21-pentamethyl-2-oxo-1-oxacyclodocosa-3,5,11-trien-8-yl) dihydrogen phosphate', '2-[[dihydroxy(methylidene)-lambda5-phosphanyl]methyl]-5-[[(4R)-4-[(3R,5R,10S,13R)-3-hydroxy-10,13-dimethyl-2,3,4,5,6,7,8,9,11,12,14,15,16,17-tetradecahydro-1H-cyclopenta[a]phenanthren-17-yl]pentanoyl]oxymethoxy]-5-oxopentanoic acid']"
3766,3769,C39H67NO3,18.183,597.5119,,FBF,81.31,FBF,bigmed,"['(8Z,11Z,14Z,17Z,20Z,23Z)-N-(1,3-dihydroxytridecan-2-yl)hexacosa-8,11,14,17,20,23-hexaenamide', '(13Z,16Z,19Z,22Z,25Z)-N-[(E)-1,3-dihydroxyundec-4-en-2-yl]octacosa-13,16,19,22,25-pentaenamide', '(14Z,17Z,20Z,23Z)-N-[(4E,8E)-1,3-dihydroxytrideca-4,8-dien-2-yl]hexacosa-14,17,20,23-tetraenamide', '(5Z,8Z,11Z,14Z,17Z)-N-[(E)-1,3-dihydroxynonadec-4-en-2-yl]icosa-5,8,11,14,17-pentaenamide', '(10Z,13Z,16Z)-N-[(4E,8E,12E)-1,3-dihydroxypentadeca-4,8,12-trien-2-yl]tetracosa-10,13,16-trienamide']"
527,529,C32H57NO3,17.742,503.4385,,FBF,80.54,FBF,bigmed,"['3-(3,5-dimethyl-4-octadecanoyl-1-pentylpyrrol-2-yl)propanoic acid', 'N-[(2S,3S)-1,3-dihydroxyoctadecan-2-yl]-4-heptylbenzamide', '2-(1-hexyl-3,5-dimethyl-4-octadecanoylpyrrol-2-yl)acetic acid', 'N-[(2S,3R)-1,3-dihydroxyoctadecan-2-yl]-4-heptylbenzamide', 'N-[5-hexadecoxy-2-hydroxy-4-(2,4,4-trimethylpentan-2-yl)phenyl]acetamide']"
2,3,C15H25NO4,10.803,283.1766,,FBF,80.38,FBF,bigmed,"['[(8S)-5,6,7,8-tetrahydro-3H-pyrrolizin-1-yl]methyl (2S)-2-hydroxy-2-[(1R)-1-hydroxyethyl]-3-methylbutanoate', '1-[4-(1-hydroxy-2-methoxyethyl)phenoxy]-3-(propan-2-ylamino)propan-2-ol', '1-[4-(2-hydroxyethoxymethyl)phenoxy]-3-(propan-2-ylamino)propan-2-ol', '1-[4-(2-methoxyethoxy)phenoxy]-3-(propan-2-ylamino)propan-2-ol', '[(8S)-5,6,7,8-tetrahydro-3H-pyrrolizin-1-yl]methyl (2S)-2-hydroxy-2-[(1S)-1-hydroxyethyl]-3-methylbutanoate']"
2503,2505,C53H82NO7P,17.976,875.5837,,FBF,80.12,FBF,bigmed,"['[1-[2-aminoethoxy(hydroxy)phosphoryl]oxy-3-[(5Z,8Z,11Z,14Z,17Z,20Z,23Z)-hexacosa-5,8,11,14,17,20,23-heptaenoxy]propan-2-yl] (4Z,7Z,10Z,13Z,16Z,19Z)-docosa-4,7,10,13,16,19-hexaenoate', '[1-[2-aminoethoxy(hydroxy)phosphoryl]oxy-3-[(4Z,7Z,10Z,13Z,16Z,19Z)-docosa-4,7,10,13,16,19-hexaenoxy]propan-2-yl] (5Z,8Z,11Z,14Z,17Z,20Z,23Z)-hexacosa-5,8,11,14,17,20,23-heptaenoate']"
263,265,C18H30O2,8.804,278.2243,,FBF,94.49,FBF,large,"['(9Z,12Z,15Z)-octadeca-9,12,15-trienoic acid', '(6Z,9Z,12Z)-octadeca-6,9,12-trienoic acid', 'octadeca-9,12,15-trienoic acid', '(E)-octadec-11-en-9-ynoic acid', '(5Z,9Z,12Z)-octadeca-5,9,12-trienoic acid']"
3741,3744,C17H13NO3,5.037,279.0898,,FBF,89.54,FBF,large,"['2-(1,3-benzodioxol-5-yl)-1-methylquinolin-4-one', 'N-benzyl-2-oxochromene-3-carboxamide', 'N-(3-methylphenyl)-2-oxochromene-3-carboxamide', 'N-(4-methylphenyl)-2-oxochromene-3-carboxamide', '2-(1-oxo-1-phenylpropan-2-yl)isoindole-1,3-dione']"
3754,3757,C18H14O4,3.764,294.0878,,FBF,88.82,FBF,large,"['(2-methyl-4-oxo-3-phenylchromen-7-yl) acetate', '1-(4-methoxy-1-benzofuran-5-yl)-3-phenylpropane-1,3-dione', '(Z)-3-hydroxy-1-(4-methoxy-1-benzofuran-5-yl)-3-phenylprop-2-en-1-one', 'tetracyclo[6.6.2.02,7.09,14]hexadeca-2,4,6,9,11,13-hexaene-15,16-dicarboxylic acid', '2-[(3,4-dimethoxyphenyl)methylidene]indene-1,3-dione']"
1580,1582,C44H78O11,15.015,782.5578,,FBF,88.68,FBF,large,"['3,4,5-trihydroxy-6-[3-[(11Z,14Z)-icosa-11,14-dienoyl]oxy-2-pentadecanoyloxypropoxy]oxane-2-carboxylic acid', '6-[2-[(Z)-heptadec-9-enoyl]oxy-3-[(Z)-octadec-9-enoyl]oxypropoxy]-3,4,5-trihydroxyoxane-2-carboxylic acid', '6-[3-[(9Z,12Z)-hexadeca-9,12-dienoyl]oxy-2-nonadecanoyloxypropoxy]-3,4,5-trihydroxyoxane-2-carboxylic acid', '3,4,5-trihydroxy-6-[3-[(Z)-icos-11-enoyl]oxy-2-[(Z)-pentadec-9-enoyl]oxypropoxy]oxane-2-carboxylic acid', '6-[3-[(13Z,16Z)-docosa-13,16-dienoyl]oxy-2-tridecanoyloxypropoxy]-3,4,5-trihydroxyoxane-2-carboxylic acid']"
2033,2035,C36H68O6,15.82,596.5016,,FBF,88.3,FBF,large,"['2,3-di(undecanoyloxy)propyl undecanoate', '[(2S)-2-(10-methylundecanoyloxy)-3-octanoyloxypropyl] 10-methyldodecanoate', '[(2S)-1-dodecanoyloxy-3-octanoyloxypropan-2-yl] tridecanoate', '[(2S)-2-dodecanoyloxy-3-octanoyloxypropyl] 10-methyldodecanoate', '[(2S)-1-(10-methylundecanoyloxy)-3-octanoyloxypropan-2-yl] 11-methyldodecanoate']"
3356,3358,C6H9NO3,12.729,143.0579,,FBF,87.2,FBF,large,"['3,5,5-trimethyl-1,3-oxazolidine-2,4-dione', '2-methoxyethyl 2-cyanoacetate', '6-oxopiperidine-2-carboxylic acid', 'methyl (2S)-5-oxopyrrolidine-2-carboxylate', '1-methyl-5-oxopyrrolidine-3-carboxylic acid']"
2391,2393,C46H86NO8P,14.678,811.6097,,FBF,86.55,FBF,large,"['[(2R)-2-[(5Z,8Z,11Z)-icosa-5,8,11-trienoyl]oxy-3-octadecanoyloxypropyl] 2-(trimethylazaniumyl)ethyl phosphate', '[(2R)-2-[(8Z,11Z,14Z)-icosa-8,11,14-trienoyl]oxy-3-octadecanoyloxypropyl] 2-(trimethylazaniumyl)ethyl phosphate', '[(2R)-2-[(13Z,16Z)-docosa-13,16-dienoyl]oxy-3-[(Z)-hexadec-9-enoyl]oxypropyl] 2-(trimethylazaniumyl)ethyl phosphate', '[(2R)-2-[(Z)-icos-11-enoyl]oxy-3-[(9Z,12Z)-octadeca-9,12-dienoyl]oxypropyl] 2-(trimethylazaniumyl)ethyl phosphate', '[(2R)-3-icosanoyloxy-2-[(6Z,9Z,12Z)-octadeca-6,9,12-trienoyl]oxypropyl] 2-(trimethylazaniumyl)ethyl phosphate']"
2844,2846,C42H70O15P2,14.366,876.4194,,FBF,85.79,FBF,large,[]
1314,1316,C31H46O12S,12.651,642.2723,,FBF,85.63,FBF,large,"['4-acetyl-6-[2-methoxy-3-(3-methoxy-2,2-dimethyl-3-oxopropyl)sulfanylpropoxy]carbonylbenzene-1,3-dicarboxylic acid;butyl 2,2-dimethylbutanoate', 'benzyl 2-[2-[2-[2-[2-[2-(2-methoxyethoxy)ethoxy]ethoxy]ethoxy]ethoxy]ethoxy]-4-(3-methylsulfonyloxypropyl)benzoate', 'benzyl 3-[2-[2-[2-[2-[2-(2-methoxyethoxy)ethoxy]ethoxy]ethoxy]ethoxy]ethoxy]-4-(3-methylsulfonyloxypropyl)benzoate', '3-[6-[(Z)-4-heptoxy-4-oxobut-2-enoyl]oxyhexoxycarbonyl]-5-(6-hydroxyhexoxycarbonyl)benzenesulfonic acid', 'methyl (2R,4S,5R,6R)-4-acetyloxy-2-(1-adamantylsulfanyl)-5-propan-2-yloxy-6-[(1R,2R)-1,2,3-triacetyloxypropyl]oxane-2-carboxylate']"
481,483,C24H38N2O,18.416,370.2971,,FBF,85.18,FBF,large,"['1-cyclohexyl-4-[3-(5-methoxy-1,2,3,4-tetrahydronaphthalen-1-yl)propyl]piperazine', '1-cyclohexyl-4-[3-[(1R)-5-methoxy-1,2,3,4-tetrahydronaphthalen-1-yl]propyl]piperazine', 'N-[2-(4-cyclohexylpiperidin-1-yl)ethyl]-5-methoxy-1,2,3,4-tetrahydronaphthalen-1-amine', '1-[3-[4-(4-pyrrolidin-1-ylcyclohexyl)phenoxy]propyl]piperidine', '2-(cyclohexylmethyl)-7-(3-piperidin-1-ylpropoxy)-3,4-dihydro-1H-isoquinoline']"
4083,4086,C37H75NO3,16.261,581.5771,,FBF,84.87,FBF,large,"['N-[(2S,3R)-1,3-dihydroxyoctadecan-2-yl]nonadecanamide', 'N-[(2S,3R)-1,3-dihydroxy-14-methylhexadecan-2-yl]icosanamide', 'N-(1,3-dihydroxyoctadecan-2-yl)nonadecanamide', 'N-(1,3-dihydroxyicosan-2-yl)heptadecanamide', 'N-[(2S,3R)-1,3-dihydroxy-15-methylhexadecan-2-yl]icosanamide']"
519,521,C20H37NO2,10.312,323.2816,,FBF,84.69,FBF,large,"['(9Z,12Z)-N-(2-hydroxyethyl)octadeca-9,12-dienamide', 'N-(2-hydroxyethyl)octadeca-9,12-dienamide', '(2R,5aS,9aS)-8,8-dibutyl-2-(hydroxymethyl)-9a-methyl-1,2,3,5,5a,6,7,9-octahydrobenzo[d]azepin-4-one', '(2S,5aS,9aS)-8,8-dibutyl-2-(hydroxymethyl)-9a-methyl-1,2,3,5,5a,6,7,9-octahydrobenzo[d]azepin-4-one', '(2E,4E)-N,N-diethyl-11-methoxy-3,7,11-trimethyldodeca-2,4-dienamide']"
3870,3873,C44H81NO5,22.909,703.6133,,FBF,84.35,FBF,large,"['[(9Z,12Z)-16-(1,3-dihydroxytetradecan-2-ylamino)-16-oxohexadeca-9,12-dienyl] (Z)-tetradec-9-enoate', '[(Z)-14-[[(E)-1,3-dihydroxypentadec-4-en-2-yl]amino]-14-oxotetradec-5-enyl] (Z)-pentadec-9-enoate', '(15Z,18Z)-2-hydroxy-N-[(8E,12E)-1,3,4-trihydroxytetradeca-8,12-dien-2-yl]triaconta-15,18-dienamide', '[(Z)-14-[[(E)-1,3-dihydroxyhexadec-4-en-2-yl]amino]-14-oxotetradec-5-enyl] (Z)-tetradec-9-enoate', '[13-[[(E)-1,3-dihydroxypentadec-4-en-2-yl]amino]-13-oxotridecyl] (9Z,12Z)-hexadeca-9,12-dienoate']"
26,27,C16H19NO4,16.52,289.1328,,FBF,84.22,FBF,large,"['(1R,2R,3S,5S)-3-benzoyloxy-8-methyl-8-azabicyclo[3.2.1]octane-2-carboxylic acid', 'methyl (1R,2R,3S,5S)-3-benzoyloxy-8-azabicyclo[3.2.1]octane-2-carboxylate', '(1S,14S,15S,16S)-5-methoxy-9-azatetracyclo[7.6.1.02,7.012,16]hexadeca-2,4,6,12-tetraene-4,14,15-triol', '(2R,3S)-3-benzoyloxy-8-methyl-8-azabicyclo[3.2.1]octane-2-carboxylic acid', '(1S,15R,17S,18S,19R)-5,7-dioxa-12-azapentacyclo[10.6.1.02,10.04,8.015,19]nonadeca-2,4(8),9-triene-17,18-diol']"
3410,3412,C5H10N2O4,8.232,162.0636,,FBF,84.2,FBF,large,"['2-[(2-aminoacetyl)amino]-3-hydroxypropanoic acid', '2-[[(2S)-2-amino-3-hydroxypropanoyl]amino]acetic acid', '(2S)-2-[(2-aminoacetyl)amino]-3-hydroxypropanoic acid', '2-[[(2S)-2-azaniumyl-3-hydroxypropanoyl]amino]acetate', '(2S)-2-amino-5-(hydroxyamino)-5-oxopentanoic acid']"
5012,5015,C47H72O2,19.117,668.5536,,FBF,83.4,FBF,large,"['2-methoxy-6-[(2E,6E,10E,14E,18E,22E,26E)-3,7,11,15,19,23,27,31-octamethyldotriaconta-2,6,10,14,18,22,26,30-octaenyl]phenol', '(3S,4E,14S,21Z,27Z,44Z)-heptatetraconta-4,21,27,44-tetraen-1,12,15,46-tetrayne-3,14-diol', '(3S,4E,14S)-heptatetraconta-4,21,27,44-tetraen-1,12,15,46-tetrayne-3,14-diol', '[17-[(E)-5,6-dimethylhept-3-en-2-yl]-10,13-dimethyl-2,3,4,7,8,9,11,12,14,15,16,17-dodecahydro-1H-cyclopenta[a]phenanthren-3-yl] (4E,7E,10E,13E,16E)-nonadeca-4,7,10,13,16-pentaenoate', '[17-[(E)-5-ethyl-6-methylhept-3-en-2-yl]-10,13-dimethyl-2,3,4,7,8,9,11,12,14,15,16,17-dodecahydro-1H-cyclopenta[a]phenanthren-3-yl] (7E,9Z,11Z,13E,15E)-octadeca-7,9,11,13,15-pentaenoate']"
31,32,C6H5NO2,13.093,123.0321,,FBF,83.1,FBF,large,"['pyridine-3-carboxylic acid', 'pyridine-2-carboxylic acid', 'nitrobenzene', 'pyridine-4-carboxylic acid', '4-nitrosophenol']"
4871,4874,C34H49NO10,22.883,631.3353,,FBF,82.3,FBF,large,"['7-[methyl-[(2S)-2-methyl-3-[(E)-3-(3,4,5-trimethoxyphenyl)prop-2-enoyl]oxypropyl]amino]heptyl 3,4,5-trimethoxybenzoate', '[(2R)-2-methyl-3-[methyl-[7-[(E)-3-(3,4,5-trimethoxyphenyl)prop-2-enoyl]oxyheptyl]amino]propyl] 3,4,5-trimethoxybenzoate', '[(2S)-2-methyl-3-[methyl-[7-[(E)-3-(3,4,5-trimethoxyphenyl)prop-2-enoyl]oxyheptyl]amino]propyl] 3,4,5-trimethoxybenzoate', '7-[methyl-[(2R)-2-methyl-3-[(E)-3-(3,4,5-trimethoxyphenyl)prop-2-enoyl]oxypropyl]amino]heptyl 3,4,5-trimethoxybenzoate', '[11-ethyl-5,14-dihydroxy-6,8,16,18-tetramethoxy-13-(methoxymethyl)-11-azahexacyclo[7.7.2.12,5.01,10.03,8.013,17]nonadecan-4-yl] 4-methoxybenzoate']"
373,375,C15H28N2O4,7.998,300.2051,,FBF,81.98,FBF,large,"['(2R)-N-[(3S)-2,2-dimethyl-4-oxopentan-3-yl]-2-[[formyl(hydroxy)amino]methyl]hexanamide', 'ethyl (2S)-2-[[(3R)-3-amino-4-cyclohexyl-2-hydroxybutanoyl]amino]propanoate', 'ethyl (2S)-2-[[(2S,3R)-3-amino-4-cyclohexyl-2-hydroxybutanoyl]amino]propanoate', '2,2-dimethylpentylcarbamoyl N-cyclohexylcarbamoperoxoate', 'tert-butyl N-[(3S)-1,2-dioxo-1-(propan-2-ylamino)heptan-3-yl]carbamate']"
3342,3344,C12H15N4O2S,15.976,279.0909,,FBF,81.94,FBF,large,"['2-[3-[(4-amino-2-methylpyrimidin-5-yl)methyl]-4-methyl-1,3-thiazol-3-ium-5-yl]acetic acid', '4-[4-(dimethylamino)pyridin-1-ium-1-yl]pyridine-3-sulfonamide', '1-[3-[(4-amino-2-methylpyrimidin-5-yl)methyl]-4-methyl-1,3-thiazol-3-ium-5-yl]-2-hydroxyethanone', '5-(1,3-dimethylimidazol-1-ium-2-yl)sulfanyl-N-methyl-2-nitroaniline', '3-[(4-amino-2-methylpyrimidin-5-yl)methyl]-5-(2-hydroxyethyl)-1,3-thiazol-3-ium-4-carbaldehyde']"
3645,3647,C4H10N2O,6.829,102.0789,,FBF,81.87,FBF,large,"['N,N-diethylnitrous amide', 'propan-2-ylurea', 'butanehydrazide', 'N-methyl-N-propylnitrous amide', 'propylurea']"
4718,4721,C21H36O,18.702,304.2774,,FBF,81.76,FBF,large,"['3-pentadecylphenol', '(2E,6Z,9Z)-2-methylicosa-2,6,9-trienal', '2-[(8S,9S,10S,13R,14S,17R)-10,13-dimethyl-2,3,4,5,6,7,8,9,11,12,14,15,16,17-tetradecahydro-1H-cyclopenta[a]phenanthren-17-yl]ethanol', '(3S,4R,4aS,8aS)-4-(3-methoxy-3-methylpent-4-enyl)-3,4,8,8a-tetramethyl-1,2,3,4a,5,6-hexahydronaphthalene', '(5Z,8Z,11Z,14Z)-1-methoxyicosa-5,8,11,14-tetraene']"
955,957,C32H64O4,21.325,512.4805,,FBF,81.62,FBF,large,"['15,16-dihydroxydotriacontanoic acid', '2,3-dihydroxypropyl nonacosanoate', '2-hydroxyethyl hexadecanoate;tetradecanal', '1,1-bis(decylperoxy)cyclododecane', '(1-hydroxy-3-octadecoxypropan-2-yl) undecanoate']"
405,407,C22H41N3O,22.078,363.3276,,FBF,81.48,FBF,large,"['(9E,12E,15E)-N-[2-(2-aminoethylamino)ethyl]octadeca-9,12,15-trienamide', '(2S,4R)-N,1-di(propan-2-yl)-4-[2-(2,6,6-trimethylcyclohexen-1-yl)ethylamino]pyrrolidine-2-carboxamide', 'N-[(3S)-1-cycloheptylpiperidin-3-yl]-2-(1-propylpiperidin-4-yl)acetamide', '4-amino-1-octadecylpyrimidin-2-one', '3-(2-azidoethyl)icos-3-en-2-one']"
372,374,C15H28N2O4,17.402,300.2044,,FBF,81.32,FBF,large,"['(2R)-N-[(3S)-2,2-dimethyl-4-oxopentan-3-yl]-2-[[formyl(hydroxy)amino]methyl]hexanamide', 'ethyl (2S)-2-[[(3R)-3-amino-4-cyclohexyl-2-hydroxybutanoyl]amino]propanoate', 'ethyl (2S)-2-[[(2S,3R)-3-amino-4-cyclohexyl-2-hydroxybutanoyl]amino]propanoate', '2,2-dimethylpentylcarbamoyl N-cyclohexylcarbamoperoxoate', 'tert-butyl N-[(3S)-1,2-dioxo-1-(propan-2-ylamino)heptan-3-yl]carbamate']"
3217,3219,C17H29O7P,10.182,376.1654,,FBF,81.15,FBF,large,"['ethyl (3aR,7aR)-7-diethoxyphosphoryloxy-7a-hydroxy-5-methyl-2,3,3a,4-tetrahydro-1H-indene-5-carboxylate', '[(2S)-3-[hydroxy(3-methylbut-3-enoxy)phosphoryl]oxy-2-(5-methylhexa-1,5-dien-2-yloxy)propyl] acetate', 'dibutyl 2-(4-hydroxy-3-methoxyphenoxy)ethyl phosphate', '2-(diethoxyphosphorylmethyl)-1,4-bis(2-methoxyethoxy)benzene', '[2,5-bis(2-methoxyethoxy)phenyl]methyl-butan-2-yloxyphosphinic acid']"
3472,3474,C11H17N3O8S,4.18,351.073,,FBF,80.99,FBF,large,"['(3S)-3-amino-4-[[(2S)-3-carboxy-1-[[(1R)-1-carboxy-2-sulfanylethyl]amino]-1-oxopropan-2-yl]amino]-4-oxobutanoic acid', '(2S)-2-[[(2S)-2-[[(2R)-2-amino-3-sulfanylpropanoyl]amino]-3-carboxypropanoyl]amino]butanedioic acid', '(2S)-2-[[(2R)-2-[[(2S)-2-amino-3-carboxypropanoyl]amino]-3-sulfanylpropanoyl]amino]butanedioic acid', '1-[(1R,5R,7R,8S)-8-hydroxy-5-(hydroxymethyl)-3,3-dioxo-6-oxa-3lambda6-thia-2-azabicyclo[3.2.1]octan-7-yl]-5-methylpyrimidine-2,4-dione;hydrate', '[(2R,5R)-5-(2,4-dioxopyrimidin-1-yl)-3,4-dihydroxyoxolan-2-yl]methyl N-ethylsulfamate']"
1171,1173,C51H100O9,15.586,856.7339,,FBF,80.77,FBF,large,"['[(3S,4S,5R)-3,4-dihydroxy-1-[(2R,3R,4R,5R,6R)-3,4,5-trihydroxy-6-(hydroxymethyl)oxan-2-yl]nonadecan-5-yl] hexacosanoate', '[1-tetracosoxy-3-[3,4,5-trihydroxy-6-(hydroxymethyl)oxan-2-yl]oxypropan-2-yl] octadecanoate', '[1-heptadecoxy-3-[3,4,5-trihydroxy-6-(hydroxymethyl)oxan-2-yl]oxypropan-2-yl] pentacosanoate', '[1-hexadecoxy-3-[3,4,5-trihydroxy-6-(hydroxymethyl)oxan-2-yl]oxypropan-2-yl] hexacosanoate', '[1-pentadecoxy-3-[3,4,5-trihydroxy-6-(hydroxymethyl)oxan-2-yl]oxypropan-2-yl] heptacosanoate']"
3648,3650,C15H15NO3,2.362,257.1069,,FBF,80.65,FBF,large,"['2-[1-methyl-5-(4-methylbenzoyl)pyrrol-2-yl]acetic acid', '9-methoxy-2,2-dimethyl-6H-pyrano[3,2-c]quinolin-5-one', '4-methoxy-N-(4-methoxyphenyl)benzamide', '1-hydroxy-3-methoxy-1,2-dimethyl-9H-carbazol-4-one', 'N-(4-ethoxyphenyl)-2-hydroxybenzamide']"
2640,2642,C36H61O12P,14.756,716.3875,,FBF,80.47,FBF,large,[]
733,734,C14H20O2,9.271,220.146,,FBF,95.71,FBF,med,"['2,6-ditert-butylcyclohexa-2,5-diene-1,4-dione', '2,2,5,7,8-pentamethyl-3,4-dihydrochromen-6-ol', '2-phenylethyl hexanoate', '(2-methyl-1-phenylpropan-2-yl) butanoate', 'hexyl 2-phenylacetate']"
857,858,C27H51NO,11.767,405.3959,,FBF,95.64,FBF,med,"['(E)-1-(azocan-1-yl)icos-2-en-1-one', '1-[2-(methylamino)-2-adamantyl]hexadecan-2-ol', '1-pyrrolidin-1-yltricos-16-en-1-one', '(Z)-N-cyclooctyl-N-methyloctadec-9-enamide', '(Z)-N-cyclohexyl-N-propan-2-yloctadec-9-enamide']"
1468,1469,C33H66,18.133,462.516,,FBF,95.63,FBF,med,"['tritriacont-1-ene', '(Z)-tritriacont-9-ene', '(Z)-tritriacont-10-ene', 'heptacosylcyclohexane', 'tritriacont-9-ene']"
6637,6641,C32H63NO2,11.871,493.4851,,FBF,95.34,FBF,med,"['N-hexadecyl-2-oxohexadecanamide', '(2R)-N,N-dimethyl-1-[(10E,13E)-nonadeca-10,13-dienoxy]-3-octoxypropan-2-amine', '2-(1,2,2,6,6-pentamethylpiperidin-4-yl)docosanoic acid', 'N-hexadecanoylhexadecanamide', '3-oxo-2-tetradecyloctadecanamide']"
849,850,C24H49NO,17.821,367.3819,,FBF,94.8,FBF,med,"['N,N-dibutylhexadecanamide', 'tetracosanamide', 'N,N-bis(2-ethylhexyl)octanamide', 'N-dodecyldodecanamide', 'N-hexyloctadecanamide']"
789,790,C25H48N6O8,7.841,560.3524,,FBF,94.61,FBF,med,"[""N-[5-[[4-[5-[acetyl(hydroxy)amino]pentylamino]-4-oxobutanoyl]-hydroxyamino]pentyl]-N'-(5-aminopentyl)-N'-hydroxybutanediamide"", ""N-[5-[[4-[5-[acetyl(hydroxy)amino]pentylamino]-4-oxobutanoyl]-hydroxyamino]pentyl]-N'-(5-aminopentoxy)butanediamide"", ""N-[5-[acetyl(hydroxy)amino]pentyl]-N'-[5-[5-aminopentyl-[4-(hydroxyamino)-4-oxobutanoyl]amino]pentyl]-N'-hydroxybutanediamide"", ""N-[5-[acetyl(hydroxy)amino]pentyl]-N'-[1-[[4-[5-aminopentyl(hydroxy)amino]-4-oxobutanoyl]amino]pentan-2-yl]-N'-hydroxybutanediamide"", ""2-[5-[acetyl(hydroxy)amino]pentyl]-N'-(2-amino-4-oxobutanoyl)-N-(5-aminopentyl)-N-hydroxy-N'-[5-(hydroxyamino)pentyl]butanediamide""]"
6180,6182,C3H10N3O5PS,1.007,231.0081,,FBF,93.18,FBF,med,['2-[[amino-(phosphonoamino)methylidene]amino]ethanesulfinic acid']
6250,6252,C22H44N6O10,4.619,552.3124,,FBF,93.01,FBF,med,"['(2S)-4-amino-N-[(1R,2S,3S,4R,5S)-5-amino-4-[(2R,3R,6S)-3-amino-6-(aminomethyl)oxan-2-yl]oxy-2-[(2S,3R,4S,5S,6R)-4-amino-3,5-dihydroxy-6-(hydroxymethyl)oxan-2-yl]oxy-3-hydroxycyclohexyl]-2-hydroxybutanamide', '4-amino-N-[(1R,2S,3S,4R,5S)-5-amino-4-[(2R,3R,6S)-3-amino-6-(aminomethyl)oxan-2-yl]oxy-2-[(2S,3R,4S,5S,6R)-4-amino-3,5-dihydroxy-6-(hydroxymethyl)oxan-2-yl]oxy-3-hydroxycyclohexyl]-2-hydroxybutanamide', '(2S)-4-amino-N-[(1R,2S,3R,4R,5S)-5-amino-4-[(2R,3R,6S)-3-amino-6-(aminomethyl)oxan-2-yl]oxy-2-[(2S,3R,4S,5R,6R)-4-amino-3,5-dihydroxy-6-(hydroxymethyl)oxan-2-yl]oxy-3-hydroxycyclohexyl]-2-hydroxybutanamide', 'N-[[4-amino-6-[4,6-diamino-3-[3-amino-6-(aminomethyl)-4,5-dihydroxyoxan-2-yl]oxy-2-hydroxycyclohexyl]oxy-3,5-dihydroxyoxan-2-yl]methyl]butanamide', 'N-[[4-amino-6-[4,6-diamino-3-[3-amino-6-(aminomethyl)-4,5-dihydroxyoxan-2-yl]oxy-2-hydroxycyclohexyl]oxy-3,5-dihydroxyoxan-2-yl]methyl]-2-methylpropanamide']"
7545,7549,C32H46O7,7.763,542.3236,,FBF,93.0,FBF,med,"[""(1R,4S,5'S,6R,6'R,8R,10E,13R,14E,16E,20R,21R,24S)-6'-ethyl-21,24-dihydroxy-5',11,13,22-tetramethylspiro[3,7,19-trioxatetracyclo[15.6.1.14,8.020,24]pentacosa-10,14,16,22-tetraene-6,2'-oxane]-2-one"", '(6R)-6-[(5R,10S,13R,14R,15S,17R)-15-acetyloxy-4,4,10,13,14-pentamethyl-3,11-dioxo-2,5,6,7,12,15,16,17-octahydro-1H-cyclopenta[a]phenanthren-17-yl]-2-methyl-4-oxoheptanoic acid', '(1R,4E,6E,9S,11S,12R,13R,14Z,16E,19E,21S,23S,24S)-11-hydroxy-24-(hydroxymethyl)-23-[(Z)-5-hydroxypent-2-enyl]-12,15,24-trimethyl-2,22,26-trioxatricyclo[19.3.1.19,13]hexacosa-4,6,14,16,19-pentaen-3-one', '8-[[(3S,5R,8R,9S,10S,13R,14S,17R)-14-hydroxy-10,13-dimethyl-17-(6-oxopyran-3-yl)-1,2,3,4,5,6,7,8,9,11,12,15,16,17-tetradecahydrocyclopenta[a]phenanthren-3-yl]oxy]-8-oxooctanoic acid', '(8S,9R,10R,13R,14S,16R,17R)-17-[(E,2R)-2,6-dihydroxy-6-methyl-3-oxohept-4-en-2-yl]-2-ethoxy-16-hydroxy-4,4,9,13,14-pentamethyl-8,10,12,15,16,17-hexahydro-7H-cyclopenta[a]phenanthrene-3,11-dione']"
3077,3078,C32H49NO7,7.763,559.3497,,FBF,93.0,FBF,med,"['[[(2S)-1-[[(8R,9S,10S,13R,17R)-14-hydroxy-10,13-dimethyl-17-(5-oxo-2H-furan-3-yl)-1,2,3,4,5,6,7,8,9,11,12,15,16,17-tetradecahydrocyclopenta[a]phenanthren-3-yl]oxy]-1-oxopropan-2-yl]amino]methyl 2,2-dimethylpropanoate', '[[(2R)-1-[[(8R,9S,10S,13R,17R)-14-hydroxy-10,13-dimethyl-17-(5-oxo-2H-furan-3-yl)-1,2,3,4,5,6,7,8,9,11,12,15,16,17-tetradecahydrocyclopenta[a]phenanthren-3-yl]oxy]-1-oxopropan-2-yl]amino]methyl 2,2-dimethylpropanoate', '(7S)-4-(1-hydroxy-3-oxopentyl)-2,4,17,19-tetramethyl-5,26-dioxa-11-azatricyclo[21.2.1.07,11]hexacosa-13,19-diene-6,12,18-trione', '(1R,4R,5R,8R)-9-formyl-2-[[(2R,6S,7R)-6-hydroxy-2-methyl-4-[(4-methyloxolan-2-yl)methyl]-1,4-oxazepan-7-yl]oxymethyl]-5-methyl-13-propan-2-yltetracyclo[7.4.0.02,11.04,8]tridec-12-ene-1-carboxylic acid', ""3-O-tert-butyl 1-O,1-O'-diethyl (2S,3S,5R)-2-phenyl-5-[(2,2,6,6-tetramethylpiperidin-1-yl)oxymethyl]cyclopentane-1,1,3-tricarboxylate""]"
7735,7739,C32H45NO6,5.113,539.3239,,FBF,92.59,FBF,med,"['N-[(7S)-1,2,3,10-tetramethoxy-9-oxo-6,7-dihydro-5H-benzo[a]heptalen-7-yl]dodecanamide', '5-[[(4R)-4-[(3R,5R,8R,9S,10S,13R,14S,17R)-3-hydroxy-10,13-dimethyl-2,3,4,5,6,7,8,9,11,12,14,15,16,17-tetradecahydro-1H-cyclopenta[a]phenanthren-17-yl]pentanoyl]amino]benzene-1,3-dicarboxylic acid', '4-(4-dodecoxyphenyl)-3-hydroxy-1-[(3,4,5-trimethoxyphenyl)methyl]-2H-pyrrol-5-one', '3-[4-(dipentylamino)butoxy]-2-(3,4,5-trimethoxyphenyl)chromen-4-one', '3-[3-(diethylamino)propoxy]-5-hydroxy-7-pentoxy-2-(4-pentoxyphenyl)chromen-4-one']"
6994,6998,C36H65NO15,4.619,751.4352,,FBF,91.51,FBF,med,"['2-[3-(1-hydroxy-2-methylpropan-2-yl)-2,4,8,10-tetraoxaspiro[5.5]undecan-9-yl]-2-methylpropan-1-ol;tetramethyl butane-1,2,3,4-tetracarboxylate;2,2,6,6-tetramethylpiperidin-4-ol', '2-[2-[2-[2-[1-[1-[1-[1-[1-[1-[2-[2-(4-nitrophenoxy)ethoxy]ethoxy]propan-2-yloxy]propan-2-yloxy]propan-2-yloxy]propan-2-yloxy]propan-2-yloxy]propan-2-yloxy]ethoxy]ethoxy]ethoxy]ethanol', 'N-[1,3-bis[1,3-bis[(2,2-dimethyl-1,3-dioxan-5-yl)oxy]propan-2-yloxy]propan-2-yloxy]propan-2-imine']"
5184,5185,C25H47O13P,3.527,586.2761,,FBF,91.29,FBF,med,"['[(2R)-3-[hydroxy-[(2R,3R,5S,6R)-2,3,4,5,6-pentahydroxycyclohexyl]oxyphosphoryl]oxy-2-octanoyloxypropyl] octanoate', '[3-[hydroxy-(2,3,4,5,6-pentahydroxycyclohexyl)oxyphosphoryl]oxy-2-octanoyloxypropyl] octanoate', '[1-heptanoyloxy-3-[hydroxy-(2,3,4,5,6-pentahydroxycyclohexyl)oxyphosphoryl]oxypropan-2-yl] nonanoate', '[1-acetyloxy-3-[hydroxy-(2,3,4,5,6-pentahydroxycyclohexyl)oxyphosphoryl]oxypropan-2-yl] tetradecanoate', '[1-butanoyloxy-3-[hydroxy-(2,3,4,5,6-pentahydroxycyclohexyl)oxyphosphoryl]oxypropan-2-yl] dodecanoate']"
5422,5423,C31H46NO13P,4.229,671.2689,,FBF,91.04,FBF,med,"['tert-butyl N-[(2E,5S,9R,10R,11Z,13R,14S)-10-hydroxy-18-(methoxymethoxy)-7,7,13,14-tetramethyl-16-oxo-6,8,15-trioxatricyclo[15.4.0.05,9]henicosa-1(17),2,11,18,20-pentaen-20-yl]-N-(2-phosphonooxyethyl)carbamate', 'tert-butyl N-[(5S,9R,10R,13R,14S)-10-hydroxy-18-(methoxymethoxy)-7,7,13,14-tetramethyl-16-oxo-6,8,15-trioxatricyclo[15.4.0.05,9]henicosa-1(17),2,11,18,20-pentaen-20-yl]-N-(2-phosphonooxyethyl)carbamate', '4-O-benzyl 1-O-[4-[[(2S,4R)-4-[(3-methoxy-3-oxopropyl)carbamoyl]-5,5-dimethyl-2-oxo-1,3,2lambda5-dioxaphosphinan-2-yl]oxymethoxy]-2,2-dimethyl-4-oxobutyl] (2S)-2-propan-2-ylbutanedioate', '4-O-benzyl 1-O-[4-[[(4R)-4-[(3-methoxy-3-oxopropyl)carbamoyl]-5,5-dimethyl-2-oxo-1,3,2lambda5-dioxaphosphinan-2-yl]oxymethoxy]-2,2-dimethyl-4-oxobutyl] (2S)-2-propan-2-ylbutanedioate', 'tert-butyl N-[(5S,9R,10R,11Z,13R,14S)-10-hydroxy-18-(methoxymethoxy)-7,7,13,14-tetramethyl-16-oxo-6,8,15-trioxatricyclo[15.4.0.05,9]henicosa-1(17),2,11,18,20-pentaen-20-yl]-N-(2-phosphonooxyethyl)carbamate']"
6896,6900,C69H129NO5,17.977,1051.9853,,FBF,90.98,FBF,med,"['[(Z)-25-[[(E)-1,3-dihydroxytricos-4-en-2-yl]amino]-25-oxopentacos-14-enyl] (11Z,14Z)-henicosa-11,14-dienoate', '[(Z)-32-[[(E)-1,3-dihydroxypentadec-4-en-2-yl]amino]-32-oxodotriacont-15-enyl] (13Z,16Z)-docosa-13,16-dienoate', '[(6Z,8Z)-22-(1,3-dihydroxyhexacosan-2-ylamino)-22-oxodocosa-6,8-dienyl] (11Z,14Z)-henicosa-11,14-dienoate', '[(12Z,15Z)-30-[[(E)-1,3-dihydroxyhenicos-4-en-2-yl]amino]-30-oxotriaconta-12,15-dienyl] (Z)-octadec-9-enoate', '[(Z)-28-[[(E)-1,3-dihydroxyhenicos-4-en-2-yl]amino]-28-oxooctacos-15-enyl] (11Z,14Z)-icosa-11,14-dienoate']"
8321,8325,C29H40O5,7.556,468.2874,,FBF,90.71,FBF,med,"['(6R)-2-methyl-3-methylidene-6-[(4S,5S,10S,13R,14R,17R)-4,10,13-trimethyl-3,7,11-trioxo-1,2,4,5,6,12,14,15,16,17-decahydrocyclopenta[a]phenanthren-17-yl]heptanoic acid', '(2S,6R)-2-methyl-3-methylidene-6-[(4S,5S,10S,13R,14R,17R)-4,10,13-trimethyl-3,7,11-trioxo-1,2,4,5,6,12,14,15,16,17-decahydrocyclopenta[a]phenanthren-17-yl]heptanoic acid', '2-methyl-3-methylidene-6-[(4S)-4,10,13-trimethyl-3,7,11-trioxo-1,2,4,5,6,12,14,15,16,17-decahydrocyclopenta[a]phenanthren-17-yl]heptanoic acid', '(2R,6R)-2-methyl-3-methylidene-6-[(4S,5S,10S,13R,14R,17R)-4,10,13-trimethyl-3,7,11-trioxo-1,2,4,5,6,12,14,15,16,17-decahydrocyclopenta[a]phenanthren-17-yl]heptanoic acid', '[4-[[(2S,3S)-3-propyloxiran-2-yl]methoxy]phenyl] 4-decoxybenzoate']"
859,860,C28H57NO,19.874,423.4425,,FBF,90.07,FBF,med,"['octacosanamide', 'N-tetradecyltetradecanamide', 'N-dodecylhexadecanamide', 'N,N-didecyloctanamide', 'N-hexadecyldodecanamide']"
4843,4844,C35H59O12P,14.054,702.3732,,FBF,89.56,FBF,med,[]
7638,7642,C26H43NO8,14.547,497.2969,,FBF,89.49,FBF,med,"['(2R,4S,5R)-2-[[(3S,5R,8R,9S,10S,13R,14S,17S)-14-hydroxy-10,13-dimethyl-17-(nitromethyl)-1,2,3,4,5,6,7,8,9,11,12,15,16,17-tetradecahydrocyclopenta[a]phenanthren-3-yl]oxy]-6-methyloxane-3,4,5-triol', 'N,N-diethyl-2-(2-heptyl-4-methylphenoxy)ethanamine;2-hydroxypropane-1,2,3-tricarboxylic acid', '16-(prop-2-enoxycarbonylamino)hexadecyl (2R)-3-hydroxy-2-(hydroxymethyl)-5-oxo-2H-furan-4-carboxylate', '(1R,2S,3S,4S,5R,6S,8R,9S,10S,13S,16S,17R,18S)-11-ethyl-4,6,16,18-tetramethoxy-13-(methoxymethyl)-11-azahexacyclo[7.7.2.12,5.01,10.03,8.013,17]nonadecane-2,8,9-triol', '2-ethylhexyl 2-methylprop-2-enoate;N-(hydroxymethyl)prop-2-enamide;2-(2-methylprop-2-enoyloxy)ethyl 2-methylprop-2-enoate']"
7255,7259,C41H75N2O6P,14.106,722.5343,,FBF,89.11,FBF,med,"['[(4E,8E,12E)-2-[[(4Z,7Z)-hexadeca-4,7-dienoyl]amino]-3-hydroxyicosa-4,8,12-trienyl] 2-(trimethylazaniumyl)ethyl phosphate', '[(4E,8E,12E)-3-hydroxy-2-[[(10Z,12Z)-octadeca-10,12-dienoyl]amino]octadeca-4,8,12-trienyl] 2-(trimethylazaniumyl)ethyl phosphate', '[(4E,8E,12E)-3-hydroxy-2-[[(11Z,14Z)-icosa-11,14-dienoyl]amino]hexadeca-4,8,12-trienyl] 2-(trimethylazaniumyl)ethyl phosphate', '[(4E,8E,12E)-2-[[(14Z,16Z)-docosa-14,16-dienoyl]amino]-3-hydroxytetradeca-4,8,12-trienyl] 2-(trimethylazaniumyl)ethyl phosphate', '[3-hydroxy-2-[[(3Z,6Z,9Z,12Z,15Z)-octadeca-3,6,9,12,15-pentaenoyl]amino]octadecyl] 2-(trimethylazaniumyl)ethyl phosphate']"
5873,5874,C12H19N5O5,9.869,313.1416,,FBF,88.69,FBF,med,"['(2R,3R,4S)-3-acetamido-4-(diaminomethylideneamino)-2-(dimethylcarbamoyl)-3,4-dihydro-2H-pyran-6-carboxylic acid', '7-(2,3-dihydroxypropyl)-8-(2-hydroxyethylamino)-1,3-dimethylpurine-2,6-dione', '2-amino-9-[(2R,3R,4S,5R)-3,4-dihydroxy-5-(hydroxymethyl)oxolan-2-yl]-1,7-dimethyl-8H-purin-6-one', '2-amino-9-[(2R,5R)-3,4-dihydroxy-5-(hydroxymethyl)oxolan-2-yl]-1,7-dimethyl-8H-purin-6-one', '(2R,3R,4S,5R)-2-[6-amino-6-(2-hydroxyethyl)-8H-purin-9-yl]-5-(hydroxymethyl)oxolane-3,4-diol']"
6407,6411,C9H16N4OS,7.893,228.1038,,FBF,88.19,FBF,med,"['1-(5-tert-butyl-1,3,4-thiadiazol-2-yl)-1,3-dimethylurea', 'N-methyl-2-[(4-methyl-5-propan-2-yl-1,2,4-triazol-3-yl)sulfanyl]acetamide', '4-butyl-6-methyl-2-sulfanylidene-1,3,3a,6a-tetrahydroimidazo[4,5-d]imidazol-5-one', '4-amino-6-tert-butyl-3-ethylsulfanyl-1,2,4-triazin-5-one', '1-tert-butyl-3-(5-ethyl-1,3,4-thiadiazol-2-yl)urea']"
1090,1091,C24H41NO4,13.352,407.3033,,FBF,88.14,FBF,med,"['N-(2-hydroxyethyl)-11-(3-hydroxy-5-pentylphenoxy)undecanamide', '2-methyl-N-(2,4,6-trimethoxyphenyl)tetradecanamide', 'N-(2,4,6-trimethoxyphenyl)pentadecanamide', '15-hydroxy-N-[(2S)-1-hydroxy-3-(4-hydroxyphenyl)propan-2-yl]pentadecanamide', 'azocan-1-yl-[(2S,3S,4R)-4-cyclohexyl-2-ethoxy-3-(3-hydroxypropyl)-3,4-dihydro-2H-pyran-6-yl]methanone']"
2650,2651,C53H79NO10,11.377,889.5719,,FBF,88.09,FBF,med,[]
1069,1070,C8H15NO4,5.919,189.1005,,FBF,87.72,FBF,med,"['(1S,6S,7R,8R,8aR)-1,2,3,5,6,7,8,8a-octahydroindolizine-1,6,7,8-tetrol', '(1S,6R,7R,8R,8aR)-1,2,3,5,6,7,8,8a-octahydroindolizine-1,6,7,8-tetrol', '(1R,2R,3R,7S,8R)-3-(hydroxymethyl)-2,3,5,6,7,8-hexahydro-1H-pyrrolizine-1,2,7-triol', '2-[methyl-[(2-methylpropan-2-yl)oxycarbonyl]amino]acetic acid', '(2S)-2-[(2-methylpropan-2-yl)oxycarbonylamino]propanoic acid']"
1811,1812,C48H90O14,20.108,890.6331,,FBF,87.65,FBF,med,"['2-[6-[15-[5-[4-(6-ethyl-5-hydroxy-5-methyloxan-2-yl)-1,4-dihydroxy-2-methylpentyl]-5-methyloxolan-2-yl]-2,4,8,10,14,15-hexahydroxy-3,7,11,13-tetramethylpentadecyl]-3,5-dimethyloxan-2-yl]propanoic acid', '[(2R,3R,4S,5S,6R)-2-[(3S,4S,5R)-3,4-dihydroxy-2,5-bis(hydroxymethyl)oxolan-2-yl]oxy-3,4,5-trihydroxy-6-(hydroxymethyl)oxan-2-yl] 2-hexadecyl-3-oxoicosanoate', '[1-tetradecoxy-3-[3,4,5-trihydroxy-6-[[3,4,5-trihydroxy-6-(hydroxymethyl)oxan-2-yl]oxymethyl]oxan-2-yl]oxypropan-2-yl] (Z)-nonadec-9-enoate', '[1-nonoxy-3-[3,4,5-trihydroxy-6-[[3,4,5-trihydroxy-6-(hydroxymethyl)oxan-2-yl]oxymethyl]oxan-2-yl]oxypropan-2-yl] (Z)-tetracos-13-enoate', '[1-dodecoxy-3-[3,4,5-trihydroxy-6-[[3,4,5-trihydroxy-6-(hydroxymethyl)oxan-2-yl]oxymethyl]oxan-2-yl]oxypropan-2-yl] (Z)-henicos-11-enoate']"
3070,3071,C30H51NO7,7.763,537.3686,,FBF,87.6,FBF,med,"['[(3Z,5S,6S,7S,8R,9S,11Z,13S,14S,15S,16Z,18S)-8,14,18-trihydroxy-5,7,9,11,13,15-hexamethyl-19-[(2R)-5-oxooxolan-2-yl]nonadeca-3,11,16-trien-6-yl] carbamate', '(2S,3R,4S,5S,6R)-2-[[(1E,3R,8R,9R,10R,11S,14S)-9-hydroxy-14-(methoxymethyl)-3,10-dimethyl-6-propan-2-yl-8-tricyclo[9.3.0.03,7]tetradeca-1,6-dienyl]oxy]-6-(propylaminomethyl)oxane-3,4,5-triol', '[(3Z,5S,6S,7S,8R,9S,11Z,13S,14S,15S,16Z,18R)-8,14,18-trihydroxy-5,7,9,11,13,15-hexamethyl-19-[(2S)-5-oxooxolan-2-yl]nonadeca-3,11,16-trien-6-yl] carbamate', 'tert-butyl (2S,3R,5R)-5-[(1R,3R)-1-hydroxy-3-(hydroxymethyl)-4-methylpentyl]-2-[4-methoxy-3-(3-methoxypropoxy)phenyl]-3-propan-2-ylpyrrolidine-1-carboxylate', '2-[(E)-[(2R,3S,5S,8S,9S,10R,13S,14S,17R)-17-[(2S,3R,4R,5S)-3,4-dihydroxy-5,6-dimethylheptan-2-yl]-2,3-dihydroxy-10,13-dimethyl-1,2,3,4,5,7,8,9,11,12,14,15,16,17-tetradecahydrocyclopenta[a]phenanthren-6-ylidene]amino]oxyacetic acid']"
1470,1471,C10H22,9.427,142.1724,,FBF,87.19,FBF,med,"['decane', '2-methylnonane', '2,2,4-trimethylheptane', '3,6-dimethyloctane', '2,6-dimethyloctane']"
7888,7892,C23H36O7S,8.933,456.2211,,FBF,87.08,FBF,med,"['[(1R,2S,3R,4R,6S,7S,8S,14R)-4-ethenyl-3-hydroxy-2,4,7,14-tetramethyl-9-oxo-6-tricyclo[5.4.3.01,8]tetradecanyl] 2-methylsulfonyloxyacetate', '9-(4-sulfophenyl)heptadecanedioic acid', '[(1S,2R,3S,4S,6R,7R,8R,14R)-4-ethenyl-3-hydroxy-2,4,7,14-tetramethyl-9-oxo-6-tricyclo[5.4.3.01,8]tetradecanyl] 2-methylsulfonyloxyacetate', '[(2R,3S,4S,6R,8R,14R)-4-ethenyl-3-hydroxy-2,4,7,14-tetramethyl-9-oxo-6-tricyclo[5.4.3.01,8]tetradecanyl] 2-methylsulfonyloxyacetate', '[(1R,2S,3R,4R,6S,7S,8S,14S)-4-ethenyl-3-hydroxy-2,4,7,14-tetramethyl-9-oxo-6-tricyclo[5.4.3.01,8]tetradecanyl] 2-methylsulfonyloxyacetate']"
7806,7810,C18H22O9S,6.776,414.0988,,FBF,86.94,FBF,med,"['[3,5-diacetyloxy-6-(2-formylthiophen-3-yl)oxy-4-methyloxan-2-yl]methyl acetate', '[3,4-diacetyloxy-6-(2-ethenylthiophen-3-yl)oxy-5-hydroxyoxan-2-yl]methyl acetate', '[3,4-diacetyloxy-6-(2-acetylthiophen-3-yl)oxyoxan-2-yl]methyl acetate', '4-[2-[[2-(2-hydroxypropan-2-yl)-7-oxo-6-oxabicyclo[3.2.1]octan-4-yl]oxy]acetyl]oxybenzenesulfonic acid', '3-(oxolan-2-ylmethoxycarbonyl)-5-(oxolan-2-ylmethoxysulfonyl)benzoic acid']"
3436,3439,C24H41O10P,3.501,520.2425,,FBF,94.34,FBF,tiny,"['[1-[(2-acetyloxy-3-hydroxypropoxy)-hydroxyphosphoryl]oxy-3-hydroxypropan-2-yl] (7Z,10Z,13Z)-hexadeca-7,10,13-trienoate', '[1-acetyloxy-3-[2,3-dihydroxypropoxy(hydroxy)phosphoryl]oxypropan-2-yl] (7Z,10Z,13Z)-hexadeca-7,10,13-trienoate', '[(2S)-2-[(2R)-3,5-dioxo-4-phosphonooxyoxolan-2-yl]-2-hydroxyethyl] octadec-9-enoate', '[(2S)-2-hydroxy-2-[(2R)-3-hydroxy-5-oxo-4-phosphonooxy-2H-furan-2-yl]ethyl] (Z)-octadec-9-enoate']"
1370,1373,C18H36O6,8.57,348.2511,,FBF,93.94,FBF,tiny,"['(3R,4S,5S,6R)-2-dodecoxy-6-(hydroxymethyl)oxane-3,4,5-triol', '[3-(2,3-dihydroxypropoxy)-2-hydroxypropyl] dodecanoate', '2-dodecoxy-6-(hydroxymethyl)oxane-3,4,5-triol', '(2R,3R,4S,5S,6R)-2-dodecoxy-6-(hydroxymethyl)oxane-3,4,5-triol', '9,10,12,13-tetrahydroxyoctadecanoic acid']"
2876,2879,C35H53NO7,4.619,599.3822,,FBF,93.92,FBF,tiny,"['[(2R,3S)-3-acetyloxy-6-[[(3S,8S,9S,10R,13S,14S,17S)-17-[(E)-N-butoxy-C-methylcarbonimidoyl]-10,13-dimethyl-2,3,4,7,8,9,11,12,14,15,16,17-dodecahydro-1H-cyclopenta[a]phenanthren-3-yl]oxy]-3,6-dihydro-2H-pyran-2-yl]methyl acetate', '[(2R,3S)-3-acetyloxy-6-[[(3S,8S,9S,10R,13S,14S,17S)-10,13-dimethyl-17-[(E)-C-methyl-N-(2-methylpropoxy)carbonimidoyl]-2,3,4,7,8,9,11,12,14,15,16,17-dodecahydro-1H-cyclopenta[a]phenanthren-3-yl]oxy]-3,6-dihydro-2H-pyran-2-yl]methyl acetate', '[(1S,2S,4S,7S,8R,9S,12S,13R,16S)-6-[1-acetyloxy-4-(diacetylamino)-3-methylbutyl]-7,9,13-trimethyl-5-oxapentacyclo[10.8.0.02,9.04,8.013,18]icos-18-en-16-yl] acetate', '(3S)-4-[[(3S,4aR,6aR,6bS,8aS,11S,12aR,14aR,14bS)-11-methoxycarbonyl-4,4,6a,6b,8a,11,14b-heptamethyl-14-oxo-2,3,4a,5,6,7,8,9,10,12,12a,14a-dodecahydro-1H-picen-3-yl]oxy]-3-amino-4-oxobutanoic acid', '2-[N-(carboxymethyl)-3-(3-phenoxypentoxy)-5-tetradecoxyanilino]acetic acid']"
6954,6961,C28H46O13,4.489,590.293,,FBF,93.61,FBF,tiny,"['[3-propanoyloxy-2-[[3-propanoyloxy-2,2-bis(propanoyloxymethyl)propoxy]methyl]-2-(propanoyloxymethyl)propyl] propanoate', '1,3-bis(ethenoxymethoxy)-2-[[3-(ethenoxymethoxy)-2,2-bis(ethenoxymethoxymethyl)propoxy]methyl]-2-(ethenoxymethoxymethyl)propane', '(2R)-2-[(1S)-1,2-dihydroxyethyl]-3,4-dihydroxy-2H-furan-5-one;[(2S)-2-[(2R)-3,4-dihydroxy-5-oxo-2H-furan-2-yl]-2-hydroxyethyl] hexadecanoate', '(2R)-2-[(1S)-1,2-dihydroxyethyl]-3,4-dihydroxy-2H-furan-5-one;[(2R)-2-[(1S)-1,2-dihydroxyethyl]-4-hydroxy-5-oxo-2H-furan-3-yl] hexadecanoate', 'benzene-1,3-dicarboxylic acid;2,2-bis(hydroxymethyl)-6,6,8-trimethylnonane-1,5,7-triol;hexanedioic acid']"
4915,4918,C19H32NO11P,3.293,481.1717,,FBF,93.59,FBF,tiny,"['[(3S,6S)-5-acetamido-3,4-diacetyloxy-6-(diethoxyphosphorylmethyl)oxan-2-yl]methyl acetate', '[(1R)-1-[(2S)-3-(3,4-dihydroxyphenyl)-2-(2-hydroxyethylamino)-2-methylpropanoyl]oxyethyl] 2,2-dimethylpropanoate;phosphoric acid', 'methyl 5-[(4R)-2-[(1-acetyloxy-2-methylpropan-2-yl)carbamoyloxymethoxy]-5,5-dimethyl-2-oxo-1,3,2lambda5-dioxaphosphinan-4-yl]-5-oxopentanoate', '[(2R,3S,4R,5S,6R)-5-acetamido-3,4-diacetyloxy-6-(3-dimethoxyphosphorylpropyl)oxan-2-yl]methyl acetate']"
4435,4438,C32H53O12P,16.03,660.3244,,FBF,93.57,FBF,tiny,"['5-(carboxyoxymethoxy)-5-oxo-2-(phosphonomethyl)pentanoic acid;(4R)-4-(10,13-dimethyl-2,3,4,5,6,7,8,9,11,12,14,15,16,17-tetradecahydro-1H-cyclopenta[a]phenanthren-17-yl)pentanoic acid', '4-O-[2-[ethoxy-[2-(4-propanoylbenzoyl)oxyethoxy]phosphoryl]oxyethyl] 1-O-(2-methoxyethyl) benzene-1,4-dicarboxylate;methane']"
4630,4633,C32H57O14P,4.307,696.3492,,FBF,90.53,FBF,tiny,"['[(2R)-3-[hydroxy-[(5R)-2,3,4,5,6-pentahydroxycyclohexyl]oxyphosphoryl]oxy-2-(5-oxopentanoyloxy)propyl] (Z)-octadec-9-enoate']"
1559,1562,C55H106O10,17.225,926.7721,,FBF,89.31,FBF,tiny,"['[1-icosanoyloxy-3-[3,4,5-trihydroxy-6-(hydroxymethyl)oxan-2-yl]oxypropan-2-yl] hexacosanoate', '[1-henicosanoyloxy-3-[3,4,5-trihydroxy-6-(hydroxymethyl)oxan-2-yl]oxypropan-2-yl] pentacosanoate', '[1-docosanoyloxy-3-[3,4,5-trihydroxy-6-(hydroxymethyl)oxan-2-yl]oxypropan-2-yl] tetracosanoate', '[2-tricosanoyloxy-3-[3,4,5-trihydroxy-6-(hydroxymethyl)oxan-2-yl]oxypropyl] tricosanoate', '[1-nonadecanoyloxy-3-[3,4,5-trihydroxy-6-(hydroxymethyl)oxan-2-yl]oxypropan-2-yl] heptacosanoate']"
5325,5328,C16H22N6O4,11.429,362.169,,FBF,89.26,FBF,tiny,"['(2S)-N-[(2S)-1-[(2S)-2-carbamoylpyrrolidin-1-yl]-3-(1H-imidazol-5-yl)-1-oxopropan-2-yl]-5-oxopyrrolidine-2-carboxamide', 'N-[1-(2-carbamoylpyrrolidin-1-yl)-3-(1H-imidazol-5-yl)-1-oxopropan-2-yl]-5-oxopyrrolidine-2-carboxamide', '2-N-butan-2-yl-4-N-(2,5-dimethoxyphenyl)-5-nitropyrimidine-2,4,6-triamine', '(2S)-N-[(2S)-1-[(2R)-2-carbamoylpyrrolidin-1-yl]-3-(1H-imidazol-5-yl)-1-oxopropan-2-yl]-5-oxopyrrolidine-2-carboxamide', '(2S,3S,4R,5R)-5-(6-aminopurin-9-yl)-N-cyclohexyl-3,4-dihydroxyoxolane-2-carboxamide']"
7348,7355,C26H36O5S,3.397,460.2295,,FBF,88.29,FBF,tiny,"[""[(8R,9S,13S,14S,17R)-5',5',13-trimethyl-6'-oxospiro[7,8,9,11,12,14,15,16-octahydro-6H-cyclopenta[a]phenanthrene-17,2'-oxane]-3-yl] ethanesulfonate"", '[2-[(8S,9S,10R,13S,14S,17S)-10,13-dimethyl-3-oxo-7-propanoylsulfanyl-1,2,6,7,8,9,11,12,14,15,16,17-dodecahydrocyclopenta[a]phenanthren-17-yl]-2-oxoethyl] acetate', '(6E,10E)-9-hydroxy-6-[(3-hydroxyphenyl)sulfonylmethyl]-2,11,15-trimethylhexadeca-2,6,10,14-tetraen-8-one', '[4-[3-[4-(3,3-dimethyl-2-oxobutoxy)-3-ethylphenyl]pentan-3-yl]phenyl] methanesulfonate', '[4-[3-[4-(3,3-dimethyl-2-oxobutoxy)phenyl]pentan-3-yl]-2,6-dimethylphenyl] methanesulfonate']"
5438,5441,C22H33N7O4,7.92,459.2618,,FBF,87.42,FBF,tiny,"['(2S)-2-(ethylcarbamoylamino)-5-oxo-5-[4-[3-(1,4,5,6-tetrahydropyrimidin-2-ylamino)phenyl]piperazin-1-yl]pentanoic acid', '2-[[(2R)-1-[(5S)-5-[(6-carbamimidoyl-3-pyridinyl)methylcarbamoyl]pyrazolidin-1-yl]-3-cyclohexyl-1-oxopropan-2-yl]amino]acetic acid', '2-[[(2R)-1-[(2S)-2-[(5-carbamimidoyl-1-methylpyrazol-3-yl)methylcarbamoyl]-2,5-dihydropyrrol-1-yl]-3-cyclohexyl-1-oxopropan-2-yl]amino]acetic acid', '2-[2-[[1-[(4-methoxycyclohexyl)methyl]-5-[(4-methoxyphenyl)methyl]-4,6-dioxo-1,3,5-triazin-2-yl]amino]ethyl]guanidine', '(2S)-2-[[(2S)-2-[[(2S)-2-amino-3-(1H-indol-3-yl)propanoyl]amino]-3-methylbutanoyl]amino]-5-(diaminomethylideneamino)pentanoic acid']"
1492,1495,C51H94O15,18.472,946.659,,FBF,86.44,FBF,tiny,"['[(2S)-2-hexadecanoyloxy-3-[(2R,3R,4S,5R,6R)-3,4,5-trihydroxy-6-[[(2S,3R,4S,5R,6R)-3,4,5-trihydroxy-6-(hydroxymethyl)oxan-2-yl]oxymethyl]oxan-2-yl]oxypropyl] (E)-icos-11-enoate', '[2-[(Z)-octadec-9-enoyl]oxy-3-[3,4,5-trihydroxy-6-[[3,4,5-trihydroxy-6-(hydroxymethyl)oxan-2-yl]oxymethyl]oxan-2-yl]oxypropyl] octadecanoate', '[1-decanoyloxy-3-[3,4,5-trihydroxy-6-[[3,4,5-trihydroxy-6-(hydroxymethyl)oxan-2-yl]oxymethyl]oxan-2-yl]oxypropan-2-yl] (Z)-hexacos-15-enoate', '[1-hexadecanoyloxy-3-[3,4,5-trihydroxy-6-[[3,4,5-trihydroxy-6-(hydroxymethyl)oxan-2-yl]oxymethyl]oxan-2-yl]oxypropan-2-yl] (Z)-icos-11-enoate', '[1-tetradecanoyloxy-3-[3,4,5-trihydroxy-6-[[3,4,5-trihydroxy-6-(hydroxymethyl)oxan-2-yl]oxymethyl]oxan-2-yl]oxypropan-2-yl] (Z)-docos-13-enoate']"
7441,7448,C23H31NO7S,3.397,465.1839,,FBF,86.05,FBF,tiny,"['(Z)-7-[(1R,2R,3R)-3-hydroxy-2-[(E,3R)-3-hydroxy-4-phenoxybut-1-enyl]-5-oxocyclopentyl]-N-methylsulfonylhept-5-enamide', '(1,1-dimethylpiperidin-1-ium-2-yl)methyl 2-hydroxy-2,2-diphenylacetate;methyl sulfate', 'methyl (2S)-2-[[(E)-6-(4-hydroxy-6-methoxy-7-methyl-3-oxo-1H-2-benzofuran-5-yl)-4-methylhex-4-enoyl]amino]-4-methylsulfanylbutanoate', '(2,4,6-trimethoxyphenyl) 2-[[2,6-di(propan-2-yl)phenyl]sulfamoyl]acetate', '(Z)-7-[(1R,2R,3R)-3-hydroxy-2-[(E,3S)-3-hydroxy-4-phenoxybut-1-enyl]-5-oxocyclopentyl]-N-methylsulfonylhept-5-enamide']"
490,493,C6H10O4S,13.301,178.0292,,FBF,85.46,FBF,tiny,"['3-(2-carboxyethylsulfanyl)propanoic acid', '2-(1,1-dioxothiolan-3-yl)acetic acid', '2-(sulfanylmethyl)pentanedioic acid', '2-[(2S)-2-methyl-3-sulfanylpropanoyl]oxyacetic acid', '2-(1-carboxyethylsulfanyl)propanoic acid']"
7274,7281,C22H38O4S,4.099,398.2496,,FBF,85.33,FBF,tiny,"['[(4E)-2-(hydroxymethyl)-4-[5-methyl-3-(2-methylpropyl)hexylidene]-5-sulfanylideneoxolan-2-yl]methyl 2,2-dimethylpropanoate', 'O-[[(4E)-2-(hydroxymethyl)-4-[5-methyl-3-(2-methylpropyl)hexylidene]-5-oxooxolan-2-yl]methyl] 2,2-dimethylpropanethioate', '2-[5-[(1R)-2-[(E,3R)-3-hydroxy-4,4-dimethyloct-1-enyl]-5-oxocyclopentyl]pentylsulfanyl]acetic acid', '4-methoxy-2-pentadecylbenzenesulfonic acid', 'octyl 1-phenyloctyl sulfate']"
970,973,C22H41NO4S,4.099,415.2761,,FBF,85.33,FBF,tiny,"['2-amino-2-methylpropan-1-ol;2-dodecylbenzenesulfonic acid', '2-(dimethylamino)ethanol;2-dodecylbenzenesulfonic acid', 'methyl 2-acetamido-3-hexadecanoylsulfanylpropanoate', '(6Z)-6-(2-oxo-4-tridecyloxetan-3-ylidene)hexane-1-sulfonamide', 'ethyl (2R)-2-(dodecanoylamino)-4-ethylsulfanyl-3,3-dimethyl-4-oxobutanoate']"
2469,2472,C59H87NO8,13.405,937.6428,,FBF,85.18,FBF,tiny,"['tert-butyl (4Z)-6-[3-(2,2-dimethylpropyl)cyclobutyl]-4-methoxyimino-3-(3-phenylmethoxypropyl)hex-5-ynoate;tert-butyl 6-[3-(2,2-dimethylpropyl)cyclobutyl]-4-oxo-3-(3-phenylmethoxypropyl)hex-5-ynoate']"
2187,2190,C26H48O9,4.515,504.3295,,FBF,85.06,FBF,tiny,"['3-[3-[(2R,3R,4R,5R,6S)-3,4,5-trihydroxy-6-methyloxan-2-yl]oxydecanoyloxy]decanoic acid', '(6S)-6-[(2R,3R,4S,5S,6R)-6-(acetyloxymethyl)-3,4,5-trihydroxyoxan-2-yl]oxyoctadecanoic acid', '5-hydroxy-2-(1-hydroxyoctyl)-3-oxo-12-[(2S,3R,4R,5R,6S)-3,4,5-trihydroxy-6-methyloxan-2-yl]dodecanoic acid', '5-hydroxy-2-(1-hydroxyoctyl)-3-oxo-12-[(3S,4S,5S,6R)-3,4,5-trihydroxy-6-methyloxan-2-yl]dodecanoic acid', '3-[3-(3,4,5-trihydroxy-6-methyloxan-2-yl)oxydecanoyloxy]decanoic acid']"
3994,3997,C41H62NO8P,5.737,727.4242,,FBF,84.65,FBF,tiny,"['[3-[2-aminoethoxy(hydroxy)phosphoryl]oxy-2-[(3Z,6Z,9Z,12Z,15Z)-octadeca-3,6,9,12,15-pentaenoyl]oxypropyl] (3Z,6Z,9Z,12Z,15Z)-octadeca-3,6,9,12,15-pentaenoate', '[3-[2-aminoethoxy(hydroxy)phosphoryl]oxy-2-[(5E,7E,9E,11E,13E)-hexadeca-5,7,9,11,13-pentaenoyl]oxypropyl] (5E,8E,11E,14E,17E)-icosa-5,8,11,14,17-pentaenoate', '[3-[2-aminoethoxy(hydroxy)phosphoryl]oxy-2-[(7E,9E,11E,13E)-hexadeca-7,9,11,13-tetraenoyl]oxypropyl] (7E,9E,11E,13E,15E,17E)-icosa-7,9,11,13,15,17-hexaenoate']"
59,60,C8H17NO,5.763,143.1305,,FBF,84.53,FBF,tiny,"['2-propylpentanamide', '2-ethyl-3-methylpentanamide', 'octanamide', 'N-heptylformamide', '2-ethylhexanamide']"
1135,1138,C33H54N7O17P3S,19.85,945.2521,,FBF,84.49,FBF,tiny,"['S-[2-[3-[[(2R)-4-[[[(2R,3S,4R,5R)-5-(6-aminopurin-9-yl)-4-hydroxy-3-phosphonooxyoxolan-2-yl]methoxy-hydroxyphosphoryl]oxy-hydroxyphosphoryl]oxy-2-hydroxy-3,3-dimethylbutanoyl]amino]propanoylamino]ethyl] (3Z,6Z)-dodeca-3,6-dienethioate', 'S-[2-[3-[[(2R)-4-[[[(2R,3S,4R,5R)-5-(6-aminopurin-9-yl)-4-hydroxy-3-phosphonooxyoxolan-2-yl]methoxy-hydroxyphosphoryl]oxy-hydroxyphosphoryl]oxy-2-hydroxy-3,3-dimethylbutanoyl]amino]propanoylamino]ethyl] (2E,6Z)-dodeca-2,6-dienethioate', '[(2R,3S,4R,5R)-5-(6-aminopurin-9-yl)-2-[[[[(3R)-4-[[3-(2-dodecanoylsulfanylethylamino)-3-oxopropyl]amino]-3-hydroxy-2,2-dimethyl-4-oxobutoxy]-oxidophosphoryl]oxy-oxidophosphoryl]oxymethyl]-4-hydroxyoxolan-3-yl] phosphate', 'S-[2-[3-[[(2R)-4-[[[(2R,3R,5R)-5-(6-aminopurin-9-yl)-4-hydroxy-3-phosphonooxyoxolan-2-yl]methoxy-hydroxyphosphoryl]oxy-hydroxyphosphoryl]oxy-2-hydroxy-3,3-dimethylbutanoyl]amino]propanoylamino]ethyl] (2E,5Z)-dodeca-2,5-dienethioate', 'S-[2-[3-[[4-[[[(2R,3S,4R,5R)-5-(6-aminopurin-9-yl)-4-hydroxy-3-phosphonooxyoxolan-2-yl]methoxy-hydroxyphosphoryl]oxy-hydroxyphosphoryl]oxy-2-hydroxy-3,3-dimethylbutanoyl]amino]propanoylamino]ethyl] (3Z,6Z)-dodeca-3,6-dienethioate']"
1048,1051,C8H15NOS2,9.844,205.0606,,FBF,84.17,FBF,tiny,"['5-(dithiolan-3-yl)pentanamide', '1-isothiocyanato-6-methylsulfinylhexane', '5-[(3R)-dithiolan-3-yl]pentanamide', '1-isothiocyanato-6-[(S)-methylsulfinyl]hexane', '1-isothiocyanato-6-[(R)-methylsulfinyl]hexane']"
15,16,C8H15NO,3.397,141.1146,,FBF,84.16,FBF,tiny,"['(1S,5R)-8-methyl-8-azabicyclo[3.2.1]octan-3-ol', '1-piperidin-2-ylpropan-2-one', '8-methyl-8-azabicyclo[3.2.1]octan-3-ol', 'N-cyclohexylacetamide', '1-[(2R)-1-methylpyrrolidin-2-yl]propan-2-one']"
4545,4548,C35H69O18P3,13.899,870.3705,,FBF,84.03,FBF,tiny,[]
5532,5535,C20H29N5O4S,3.085,435.1934,,FBF,83.85,FBF,tiny,"['8-[(1R,2R)-2-hydroxy-2-methylcyclopentyl]-6-methyl-2-[(1-methylsulfonylpiperidin-4-yl)amino]pyrido[2,3-d]pyrimidin-7-one', ""N-[4-[3-amino-4-[2-hydroxyethyl(methyl)amino]phenyl]-1,3-thiazol-2-yl]-N'-hydroxyoctanediamide"", '8-cyclopentyl-6-(2-hydroxyethyl)-2-[(1-methylsulfonylpiperidin-4-yl)amino]pyrido[2,3-d]pyrimidin-7-one', '4-amino-5-N-[1-(tert-butylamino)-1-oxohexan-2-yl]-5-N-(furan-2-ylmethyl)-1,2-thiazole-3,5-dicarboxamide', '1-(2,1,3-benzoxadiazol-4-ylsulfonyl)-N-[2-(4-methylpiperidin-1-yl)ethyl]piperidine-3-carboxamide']"
3748,3751,C32H56NO8P,5.322,613.3758,,FBF,83.47,FBF,tiny,"['[1-[2-aminoethoxy(hydroxy)phosphoryl]oxy-3-undecanoyloxypropan-2-yl] (4Z,7Z,10Z,13Z)-hexadeca-4,7,10,13-tetraenoate', '[3-butanoyloxy-2-[(8Z,11Z,14Z,17Z)-icosa-8,11,14,17-tetraenoyl]oxypropyl] 2-(trimethylazaniumyl)ethyl phosphate', '[1-[2-aminoethoxy(hydroxy)phosphoryl]oxy-3-heptanoyloxypropan-2-yl] (8Z,11Z,14Z,17Z)-icosa-8,11,14,17-tetraenoate', '[3-hexanoyloxy-2-[(6Z,9Z,12Z,15Z)-octadeca-6,9,12,15-tetraenoyl]oxypropyl] 2-(trimethylazaniumyl)ethyl phosphate', '[1-[2-aminoethoxy(hydroxy)phosphoryl]oxy-3-propanoyloxypropan-2-yl] (12Z,15Z,18Z,21Z)-tetracosa-12,15,18,21-tetraenoate']"
1058,1061,C4H12N2,21.148,88.1007,,FBF,83.17,FBF,tiny,"['butane-1,4-diamine', '1,2-diethylhydrazine', ""N'-methylpropane-1,3-diamine"", '2-methylpropane-1,2-diamine', 'butane-1,3-diamine']"
647,650,C5H6O2,0.409,98.0363,,FBF,83.16,FBF,tiny,"['furan-2-ylmethanol', '2-methyl-2H-furan-5-one', '5-methyl-3H-furan-2-one', '3-methylideneoxolan-2-one', 'cyclopentane-1,3-dione']"
6180,6187,C38H73NO5,18.291,623.5478,,FBF,82.84,FBF,tiny,"['(Z)-2-hydroxy-N-[(E)-1,3,4-trihydroxypentadec-8-en-2-yl]tricos-11-enamide', '(Z)-2-hydroxy-N-[(E)-1,3,4-trihydroxyhexadec-8-en-2-yl]docos-11-enamide', '(18Z,21Z)-2-hydroxy-N-(1,3,4-trihydroxytetradecan-2-yl)tetracosa-18,21-dienamide', '2-hydroxy-N-[(8E,12E)-1,3,4-trihydroxypentacosa-8,12-dien-2-yl]tridecanamide', '2-hydroxy-N-[(8E,12E)-1,3,4-trihydroxyhexacosa-8,12-dien-2-yl]dodecanamide']"
7333,7340,C26H46O6S,4.515,486.3001,,FBF,82.65,FBF,tiny,"['[(4R)-4-[(3R,5S,6R,7R,8S,9S,10S,13R,14S,17R)-6-ethyl-3,7-dihydroxy-10,13-dimethyl-2,3,4,5,6,7,8,9,11,12,14,15,16,17-tetradecahydro-1H-cyclopenta[a]phenanthren-17-yl]pentyl] hydrogen sulfate', '[(6R)-6-[(3R,5S,7R,8R,9S,10S,13R,14S,17R)-3,7-dihydroxy-10,13-dimethyl-2,3,4,5,6,7,8,9,11,12,14,15,16,17-tetradecahydro-1H-cyclopenta[a]phenanthren-17-yl]heptyl] hydrogen sulfate', '[(6R)-6-[(3R,5S,7S,8R,9S,10S,13R,14S,17R)-3,7-dihydroxy-10,13-dimethyl-2,3,4,5,6,7,8,9,11,12,14,15,16,17-tetradecahydro-1H-cyclopenta[a]phenanthren-17-yl]heptyl] hydrogen sulfate', 'ethyl 7-[2-acetyloxy-5-(2-acetyloxy-2-methylheptyl)sulfanylcyclopentyl]heptanoate', '3,4-bis[2-(2-hexoxyethoxy)ethoxy]benzenethiol']"
